Title,Date,Link
5 Topics To Master Before Learning React Hooks ,"July 28, 2020",/blog/five-topics-to-master-before-learning-react-hooks
What You Can Learn From Learning A New Language,"July 21, 2020",/blog/what-you-can-learn-from-learning-a-new-language
Software Engineering Careers Post Covid-19,"July 08, 2020",/blog/software-engineering-coronavirus-job-market
What Coding Language You Should Learn To Get Hired In 2020,"July 02, 2020",/blog/what-coding-language-you-should-learn-to-get-hired-in-2020
Alumni Spotlight: George Gruner,"June 24, 2020",/blog/alumni-spotlight-george-gruner
A Tech Worker Reading List for 2020,"June 08, 2020",/blog/tech-worker-reading-list-for-2020
JavaScript in 2020,"May 27, 2020",/blog/javascript-in-2020
Rithm's Alumni Mentor Program,"May 12, 2020",/blog/bootcamp-alumni-mentorship-program
Rithm School Remote Updates - Scholarships & Smaller Class Sizes,"May 06, 2020",/blog/remote-2020-updates-scholarships
Student Interview: R14 On Remote Company Projects,"April 29, 2020",/blog/student-interview-remote-company-projects
7 Easy Ways To Focus On The Job Search Process,"April 21, 2020",/blog/focus-job-process-during-covid-19
SanFranciscoBootcamps.com - Campus Review – Rithm School San Francisco,"April 08, 2020",/blog/san-francisco-coding-bootcamps-review
Rithm School Remote Learning FAQs,"April 01, 2020",/blog/remote-learning-faq
Looking Back On Our First Women In Tech Event Series ,"March 31, 2020",/blog/looking-back-women-in-tech
Working From Home: A Guide to Success,"March 16, 2020",/blog/working-from-home-guide-to-success
How To Get Good At Coding Challenges,"March 04, 2020",/blog/how-to-get-good-at-coding-challenges
Avoid Recruiters: Embrace Cold Email,"February 26, 2020",/blog/avoid-recruiters-use-cold-email
4 Strategies for Whiteboarding Success,"February 16, 2020",/blog/strategies-for-whiteboarding
8 Questions You Should Consider Before Becoming A Software Engineer,"February 13, 2020",/blog/introduction-to-software-engineering
Intro To Modern React - Preview,"February 05, 2020",/blog/intro-to-modern-react-preivew
